Area,Week,Number - Total Housing Insecurity (Missed Payment or Low Confidence),Margin of Error +/-,Percent - Percent Housing Insecurity (Missed Payment or Low Confidence),Percent Margin of Error +/-,Measure Universe,Total Population age 18+
United States,"12 - July 16-21, 2020",44667345,1117654,26.5,0.7,168758739,"249,170,916"
United States,"11 - July 9-14, 2020",45191150,1316425,26.4,0.7,171015861,"249,170,916"
United States,"10 - July 2-7, 2020",43373346,1047257,25.3,0.6,171673536,"249,170,916"
United States,"9 - June 25-30, 2020",44454003,1240174,25.9,0.7,171615647,"249,170,916"
United States,"8 - June 18-23, 2020",41836775,1389536,24.5,0.8,170843870,"249,170,916"
United States,"7 - June 11-16, 2020",39396029,1278653,23.2,0.8,170112506,"249,170,916"
United States,"6 - June 4-9, 2020",35653814,1304982,22.1,0.8,161550746,"249,170,916"
United States,"5 - May 28-June 2, 2020",38392149,1206713,23.7,0.7,162125750,"249,170,916"
United States,"4 - May 21-26, 2020",38075649,1151355,23.6,0.6,161643468,"249,170,916"
United States,"3 - May 14-19, 2020",42113128,1475175,25.4,0.8,165892270,"249,170,916"
United States,"2 - May 7-12, 2020",43182492,1894276,24.7,1,174944737,"249,170,916"
United States,"1 - April 23-May 5, 2020",42315164,1101743,24.6,0.6,172345047,"249,170,916"
 -> States,,,,,,,--
Alabama,"12 - July 16-21, 2020",763487,116251,33.3,5,2292094,"3,717,378"
Alaska,"12 - July 16-21, 2020",79895,17916,21.7,4.6,368019,"524,925"
Arizona,"12 - July 16-21, 2020",959889,163954,25.1,3.8,3824890,"5,597,268"
Arkansas,"12 - July 16-21, 2020",390891,74808,26.7,4.9,1466396,"2,246,527"
California,"12 - July 16-21, 2020",6287946,598603,29.5,2.5,21316276,"29,939,021"
Colorado,"12 - July 16-21, 2020",673569,161871,20,4.8,3373848,"4,454,718"
Connecticut,"12 - July 16-21, 2020",465682,81544,25.4,4.3,1834959,"2,732,423"
Delaware,"12 - July 16-21, 2020",110117,21929,21.6,4.2,509710,"754,637"
District of Columbia,"12 - July 16-21, 2020",90295,19702,23.1,4.7,390594,"542,635"
Florida,"12 - July 16-21, 2020",3462475,400640,31.6,3.5,10949217,"17,085,385"
Georgia,"12 - July 16-21, 2020",1504105,235649,28.3,3.7,5316629,"7,955,983"
Hawaii,"12 - July 16-21, 2020",157749,30770,22.4,3.9,705175,"1,073,229"
Idaho,"12 - July 16-21, 2020",209510,42156,23.5,4.5,891536,"1,343,198"
Illinois,"12 - July 16-21, 2020",1883792,303705,27.9,4.1,6759275,"9,546,424"
Indiana,"12 - July 16-21, 2020",794636,125472,24,3.7,3313376,"5,015,550"
Iowa,"12 - July 16-21, 2020",180491,49458,11.5,3.2,1569408,"2,342,905"
Kansas,"12 - July 16-21, 2020",377403,52450,25.7,3.5,1469520,"2,140,957"
Kentucky,"12 - July 16-21, 2020",617974,127454,29.5,5.6,2098371,"3,344,102"
Louisiana,"12 - July 16-21, 2020",771011,89186,35.5,3.8,2172723,"3,431,432"
Maine,"12 - July 16-21, 2020",117995,33870,16.9,4.7,698437,"1,065,620"
Maryland,"12 - July 16-21, 2020",860968,111176,26,3.3,3310051,"4,586,920"
Massachusetts,"12 - July 16-21, 2020",654017,136213,17.1,3.5,3822175,"5,324,065"
Michigan,"12 - July 16-21, 2020",1098426,201057,21.4,3.7,5144348,"7,644,458"
Minnesota,"12 - July 16-21, 2020",547847,115175,18.5,3.9,2958344,"4,241,624"
Mississippi,"12 - July 16-21, 2020",433947,66466,34.4,5.1,1261168,"2,189,670"
Missouri,"12 - July 16-21, 2020",619890,113567,19.9,3.6,3122476,"4,617,880"
Montana,"12 - July 16-21, 2020",110846,31468,20.1,5.2,551531,"822,204"
Nebraska,"12 - July 16-21, 2020",128618,30450,13.4,3.2,956759,"1,418,191"
Nevada,"12 - July 16-21, 2020",592180,73102,33.6,4,1762188,"2,399,457"
New Hampshire,"12 - July 16-21, 2020",111300,24746,14.9,3.2,747723,"1,073,014"
New Jersey,"12 - July 16-21, 2020",1344779,221150,27.8,4.5,4841471,"6,776,822"
New Mexico,"12 - July 16-21, 2020",274270,55804,29.8,5.3,921880,"1,589,574"
New York,"12 - July 16-21, 2020",3370074,382949,33.9,3.7,9935801,"14,847,080"
North Carolina,"12 - July 16-21, 2020",1203296,225042,23,4.3,5240219,"8,017,566"
North Dakota,"12 - July 16-21, 2020",54587,15598,15.3,4.5,356948,"561,016"
Ohio,"12 - July 16-21, 2020",1317874,259460,23.1,4.3,5697208,"8,822,539"
Oklahoma,"12 - July 16-21, 2020",586914,109944,31,5.2,1895230,"2,916,436"
Oregon,"12 - July 16-21, 2020",429500,87834,17.4,3.5,2464920,"3,302,727"
Pennsylvania,"12 - July 16-21, 2020",1312053,213732,20.6,3.2,6359385,"9,776,154"
Rhode Island,"12 - July 16-21, 2020",139601,28921,24.4,5.1,573217,"817,559"
South Carolina,"12 - July 16-21, 2020",711163,140276,27.6,4.6,2579685,"3,969,123"
South Dakota,"12 - July 16-21, 2020",77582,24378,18.8,5.6,411805,"642,658"
Tennessee,"12 - July 16-21, 2020",998107,178638,31.1,4.6,3213357,"5,221,475"
Texas,"12 - July 16-21, 2020",4988657,484208,35.7,2.8,13966380,"21,356,906"
Utah,"12 - July 16-21, 2020",241527,64634,14.4,3.8,1680293,"2,281,207"
Vermont,"12 - July 16-21, 2020",40745,10351,12.3,3.3,331471,"485,485"
Virginia,"12 - July 16-21, 2020",996495,174550,21.3,3.6,4668241,"6,472,737"
Washington,"12 - July 16-21, 2020",876393,143955,20.2,3,4333801,"5,890,357"
West Virginia,"12 - July 16-21, 2020",176256,43048,20.8,4.7,849362,"1,379,576"
Wisconsin,"12 - July 16-21, 2020",391444,73953,12.3,2.4,3171371,"4,438,719"
Wyoming,"12 - July 16-21, 2020",79079,18926,25.6,6.1,309479,"433,400"
Alabama,"11 - July 9-14, 2020",817178,94326,35.1,3.6,2330658,"3,717,378"
Alaska,"11 - July 9-14, 2020",66404,17772,20,5.5,332195,"524,925"
Arizona,"11 - July 9-14, 2020",997492,174245,24.8,4,4021732,"5,597,268"
Arkansas,"11 - July 9-14, 2020",364105,78455,27.7,5.2,1316592,"2,246,527"
California,"11 - July 9-14, 2020",7003562,542232,30,2.1,23336619,"29,939,021"
Colorado,"11 - July 9-14, 2020",592351,140582,18.6,4.1,3189900,"4,454,718"
Connecticut,"11 - July 9-14, 2020",391721,73648,21.7,3.7,1808272,"2,732,423"
Delaware,"11 - July 9-14, 2020",110362,25169,22.2,4.8,497251,"754,637"
District of Columbia,"11 - July 9-14, 2020",78862,21357,19.2,4.7,411728,"542,635"
Florida,"11 - July 9-14, 2020",3333798,335738,30.2,3,11030764,"17,085,385"
Georgia,"11 - July 9-14, 2020",1503393,193766,28.3,3.4,5311736,"7,955,983"
Hawaii,"11 - July 9-14, 2020",174066,34625,21.9,4.7,793116,"1,073,229"
Idaho,"11 - July 9-14, 2020",230730,46431,24.3,4.4,948130,"1,343,198"
Illinois,"11 - July 9-14, 2020",1543956,278788,24,4,6422766,"9,546,424"
Indiana,"11 - July 9-14, 2020",859079,138438,26,4.3,3308766,"5,015,550"
Iowa,"11 - July 9-14, 2020",344827,66865,21.4,4,1613987,"2,342,905"
Kansas,"11 - July 9-14, 2020",281067,52909,19.7,3.7,1427847,"2,140,957"
Kentucky,"11 - July 9-14, 2020",515309,93268,24.7,4.4,2089404,"3,344,102"
Louisiana,"11 - July 9-14, 2020",755099,95135,36.5,4.3,2066021,"3,431,432"
Maine,"11 - July 9-14, 2020",89847,22776,13.3,3.4,676287,"1,065,620"
Maryland,"11 - July 9-14, 2020",741108,94092,24.4,2.9,3043091,"4,586,920"
Massachusetts,"11 - July 9-14, 2020",806773,137733,21.2,3.6,3807779,"5,324,065"
Michigan,"11 - July 9-14, 2020",1236656,203064,23.6,3.7,5236814,"7,644,458"
Minnesota,"11 - July 9-14, 2020",468345,80508,16.1,2.8,2906296,"4,241,624"
Mississippi,"11 - July 9-14, 2020",445863,72220,33.9,5,1313874,"2,189,670"
Missouri,"11 - July 9-14, 2020",796702,132906,24.2,3.9,3295283,"4,617,880"
Montana,"11 - July 9-14, 2020",99342,23551,18.1,4,549684,"822,204"
Nebraska,"11 - July 9-14, 2020",231634,35783,23.2,3.6,999344,"1,418,191"
Nevada,"11 - July 9-14, 2020",517143,71227,28.1,3.9,1841964,"2,399,457"
New Hampshire,"11 - July 9-14, 2020",138492,39594,19.5,5.5,711557,"1,073,014"
New Jersey,"11 - July 9-14, 2020",1270764,202219,29,4.1,4386368,"6,776,822"
New Mexico,"11 - July 9-14, 2020",355836,56122,33.1,5.1,1073929,"1,589,574"
New York,"11 - July 9-14, 2020",3327655,420784,32.8,3.4,10142400,"14,847,080"
North Carolina,"11 - July 9-14, 2020",1317637,245354,24.3,4.5,5411552,"8,017,566"
North Dakota,"11 - July 9-14, 2020",93315,25060,27.1,7.3,344753,"561,016"
Ohio,"11 - July 9-14, 2020",1699086,309141,30.1,4.6,5647993,"8,822,539"
Oklahoma,"11 - July 9-14, 2020",513267,90482,27.3,4.3,1878958,"2,916,436"
Oregon,"11 - July 9-14, 2020",397346,73236,16.3,2.8,2430502,"3,302,727"
Pennsylvania,"11 - July 9-14, 2020",1103641,187164,17.4,3.2,6327528,"9,776,154"
Rhode Island,"11 - July 9-14, 2020",140529,28478,24.5,4.7,573815,"817,559"
South Carolina,"11 - July 9-14, 2020",743353,127904,29,4.4,2563772,"3,969,123"
South Dakota,"11 - July 9-14, 2020",97515,22182,22.7,5,429315,"642,658"
Tennessee,"11 - July 9-14, 2020",1096675,144114,30.6,3.8,3588908,"5,221,475"
Texas,"11 - July 9-14, 2020",4562581,503683,32.1,3.5,14214607,"21,356,906"
Utah,"11 - July 9-14, 2020",231212,56425,13.4,3.2,1730812,"2,281,207"
Vermont,"11 - July 9-14, 2020",44913,11974,13.7,3.7,328424,"485,485"
Virginia,"11 - July 9-14, 2020",1097578,164842,24.1,3.1,4548065,"6,472,737"
Washington,"11 - July 9-14, 2020",645716,116617,15,2.8,4318899,"5,890,357"
West Virginia,"11 - July 9-14, 2020",249044,47473,28.9,4.6,861320,"1,379,576"
Wisconsin,"11 - July 9-14, 2020",610815,115231,18.6,3.6,3288250,"4,438,719"
Wyoming,"11 - July 9-14, 2020",57410,13572,20.1,4.4,286235,"433,400"
Alabama,"10 - July 2-7, 2020",831363,139771,33.6,5.1,2474222,"3,717,378"
Alaska,"10 - July 2-7, 2020",75494,13461,20.5,3.5,367745,"524,925"
Arizona,"10 - July 2-7, 2020",715224,127068,18.3,3,3903952,"5,597,268"
Arkansas,"10 - July 2-7, 2020",471194,75020,32.3,4.7,1457606,"2,246,527"
California,"10 - July 2-7, 2020",5734149,441667,25.9,1.9,22159149,"29,939,021"
Colorado,"10 - July 2-7, 2020",552896,110000,17,3.4,3251271,"4,454,718"
Connecticut,"10 - July 2-7, 2020",504996,86444,25.3,4.4,1992107,"2,732,423"
Delaware,"10 - July 2-7, 2020",69846,21434,14.3,4.2,489486,"754,637"
District of Columbia,"10 - July 2-7, 2020",70973,22671,16.5,4.7,429292,"542,635"
Florida,"10 - July 2-7, 2020",3619180,359753,30.8,3,11737325,"17,085,385"
Georgia,"10 - July 2-7, 2020",1822597,259640,32.6,4.3,5595658,"7,955,983"
Hawaii,"10 - July 2-7, 2020",192874,33074,26.7,4,721804,"1,073,229"
Idaho,"10 - July 2-7, 2020",154654,31328,17.9,3.5,866383,"1,343,198"
Illinois,"10 - July 2-7, 2020",1505081,332107,23.8,4.6,6315249,"9,546,424"
Indiana,"10 - July 2-7, 2020",824351,131521,24,3.6,3433356,"5,015,550"
Iowa,"10 - July 2-7, 2020",356236,67585,24.2,5,1471346,"2,342,905"
Kansas,"10 - July 2-7, 2020",246146,56023,16.5,3.8,1493437,"2,140,957"
Kentucky,"10 - July 2-7, 2020",548852,97367,26.3,4.5,2085151,"3,344,102"
Louisiana,"10 - July 2-7, 2020",752969,129887,35.1,5.3,2144681,"3,431,432"
Maine,"10 - July 2-7, 2020",80396,18465,12.3,2.8,651430,"1,065,620"
Maryland,"10 - July 2-7, 2020",962061,130229,27.3,3.5,3519930,"4,586,920"
Massachusetts,"10 - July 2-7, 2020",579589,130474,15.6,3.3,3717750,"5,324,065"
Michigan,"10 - July 2-7, 2020",918772,138927,18.4,2.7,4992128,"7,644,458"
Minnesota,"10 - July 2-7, 2020",362947,70926,12.6,2.4,2889879,"4,241,624"
Mississippi,"10 - July 2-7, 2020",447988,81398,37.1,7.1,1207475,"2,189,670"
Missouri,"10 - July 2-7, 2020",725828,131532,21.9,3.8,3316972,"4,617,880"
Montana,"10 - July 2-7, 2020",71263,19338,13.5,3.5,528561,"822,204"
Nebraska,"10 - July 2-7, 2020",179563,41625,18.8,4.2,956062,"1,418,191"
Nevada,"10 - July 2-7, 2020",536702,83061,29.2,4.5,1836736,"2,399,457"
New Hampshire,"10 - July 2-7, 2020",109922,27321,15.7,3.9,701692,"1,073,014"
New Jersey,"10 - July 2-7, 2020",1370672,194206,28.5,3.9,4812741,"6,776,822"
New Mexico,"10 - July 2-7, 2020",322681,62564,29.5,5.1,1093084,"1,589,574"
New York,"10 - July 2-7, 2020",3347939,344639,32,2.9,10468652,"14,847,080"
North Carolina,"10 - July 2-7, 2020",1299509,248812,23.8,4,5452833,"8,017,566"
North Dakota,"10 - July 2-7, 2020",57957,17835,18.9,5.6,306357,"561,016"
Ohio,"10 - July 2-7, 2020",1488685,246521,24.3,4.2,6115397,"8,822,539"
Oklahoma,"10 - July 2-7, 2020",456446,86983,23.4,4.1,1950240,"2,916,436"
Oregon,"10 - July 2-7, 2020",435713,74055,18.2,3.1,2398438,"3,302,727"
Pennsylvania,"10 - July 2-7, 2020",1564220,239022,24.4,3.4,6403292,"9,776,154"
Rhode Island,"10 - July 2-7, 2020",121869,24062,20.8,3.9,585097,"817,559"
South Carolina,"10 - July 2-7, 2020",502975,95565,20.4,3.6,2466469,"3,969,123"
South Dakota,"10 - July 2-7, 2020",121552,28100,30.3,6.3,401034,"642,658"
Tennessee,"10 - July 2-7, 2020",1079816,144704,31.3,4,3448045,"5,221,475"
Texas,"10 - July 2-7, 2020",4249365,359730,29.8,2.5,14261061,"21,356,906"
Utah,"10 - July 2-7, 2020",389511,79899,23,4.3,1697119,"2,281,207"
Vermont,"10 - July 2-7, 2020",52313,14442,16.4,4.1,319910,"485,485"
Virginia,"10 - July 2-7, 2020",913670,155887,20.2,3.2,4530322,"6,472,737"
Washington,"10 - July 2-7, 2020",785308,138939,18.7,3.2,4195771,"5,890,357"
West Virginia,"10 - July 2-7, 2020",235930,43536,30.2,5.4,780255,"1,379,576"
Wisconsin,"10 - July 2-7, 2020",481001,91017,16.1,2.9,2980178,"4,438,719"
Wyoming,"10 - July 2-7, 2020",72106,16672,24.1,5.8,299406,"433,400"
Alabama,"9 - June 25-30, 2020",549896,88575,22.4,3.3,2458715,"3,717,378"
Alaska,"9 - June 25-30, 2020",85207,17284,23.5,4.2,361823,"524,925"
Arizona,"9 - June 25-30, 2020",982342,161024,25,3.8,3935931,"5,597,268"
Arkansas,"9 - June 25-30, 2020",357853,70715,23.5,4.5,1522964,"2,246,527"
California,"9 - June 25-30, 2020",6041907,544616,26.8,2.3,22554065,"29,939,021"
Colorado,"9 - June 25-30, 2020",663386,123124,20.3,3.6,3272689,"4,454,718"
Connecticut,"9 - June 25-30, 2020",540102,72959,28,3.7,1931801,"2,732,423"
Delaware,"9 - June 25-30, 2020",116534,18745,22.7,3.7,513215,"754,637"
District of Columbia,"9 - June 25-30, 2020",95382,24845,21.8,5.2,437762,"542,635"
Florida,"9 - June 25-30, 2020",3779963,425052,32.3,3.5,11714451,"17,085,385"
Georgia,"9 - June 25-30, 2020",1759972,266392,31.6,4.1,5571830,"7,955,983"
Hawaii,"9 - June 25-30, 2020",233472,41922,29.1,5.6,803370,"1,073,229"
Idaho,"9 - June 25-30, 2020",145449,31756,15.8,3.3,921924,"1,343,198"
Illinois,"9 - June 25-30, 2020",1563506,228268,22.9,3.3,6838815,"9,546,424"
Indiana,"9 - June 25-30, 2020",1017946,142032,29.3,4.2,3476390,"5,015,550"
Iowa,"9 - June 25-30, 2020",231831,59452,14.6,3.6,1587615,"2,342,905"
Kansas,"9 - June 25-30, 2020",311049,58811,22.7,4.1,1371557,"2,140,957"
Kentucky,"9 - June 25-30, 2020",497679,82031,22.6,3.6,2198236,"3,344,102"
Louisiana,"9 - June 25-30, 2020",725319,104616,32.7,4.3,2219667,"3,431,432"
Maine,"9 - June 25-30, 2020",163667,43211,22.1,5.3,740096,"1,065,620"
Maryland,"9 - June 25-30, 2020",979251,149294,28.8,4.2,3404633,"4,586,920"
Massachusetts,"9 - June 25-30, 2020",869460,145303,22.3,3.6,3891102,"5,324,065"
Michigan,"9 - June 25-30, 2020",1114548,191800,22.2,3.7,5029769,"7,644,458"
Minnesota,"9 - June 25-30, 2020",490990,109507,16,3.4,3068514,"4,241,624"
Mississippi,"9 - June 25-30, 2020",495771,80947,38.3,4.9,1294209,"2,189,670"
Missouri,"9 - June 25-30, 2020",923316,153575,29.7,4.7,3108352,"4,617,880"
Montana,"9 - June 25-30, 2020",95915,20154,16.9,3.4,569171,"822,204"
Nebraska,"9 - June 25-30, 2020",179580,35794,18.5,3.7,969052,"1,418,191"
Nevada,"9 - June 25-30, 2020",530963,94162,28.2,4.7,1885495,"2,399,457"
New Hampshire,"9 - June 25-30, 2020",108760,21339,15.7,3,693914,"1,073,014"
New Jersey,"9 - June 25-30, 2020",1321467,209905,28.7,4.1,4599206,"6,776,822"
New Mexico,"9 - June 25-30, 2020",182386,32431,20,3.3,913047,"1,589,574"
New York,"9 - June 25-30, 2020",3532322,488485,36.7,4.6,9632784,"14,847,080"
North Carolina,"9 - June 25-30, 2020",1248578,199026,23.2,3.2,5392531,"8,017,566"
North Dakota,"9 - June 25-30, 2020",72479,18913,20.8,5.4,348813,"561,016"
Ohio,"9 - June 25-30, 2020",1006796,183846,16.9,3.2,5967028,"8,822,539"
Oklahoma,"9 - June 25-30, 2020",463191,73452,23,3.8,2013956,"2,916,436"
Oregon,"9 - June 25-30, 2020",413920,88534,16.9,3.6,2447003,"3,302,727"
Pennsylvania,"9 - June 25-30, 2020",1154571,200268,18.3,3.1,6292269,"9,776,154"
Rhode Island,"9 - June 25-30, 2020",124468,26401,22.9,4.6,542682,"817,559"
South Carolina,"9 - June 25-30, 2020",692665,119434,27.6,4.5,2512799,"3,969,123"
South Dakota,"9 - June 25-30, 2020",87841,22056,21.8,5.1,402336,"642,658"
Tennessee,"9 - June 25-30, 2020",1025677,147496,31.2,4.2,3289259,"5,221,475"
Texas,"9 - June 25-30, 2020",4537882,412100,33.2,2.7,13677607,"21,356,906"
Utah,"9 - June 25-30, 2020",304842,47194,18,2.7,1697420,"2,281,207"
Vermont,"9 - June 25-30, 2020",43607,10257,14.1,3.1,308222,"485,485"
Virginia,"9 - June 25-30, 2020",887009,172173,19,3.5,4670403,"6,472,737"
Washington,"9 - June 25-30, 2020",900497,163579,20.6,3.5,4372380,"5,890,357"
West Virginia,"9 - June 25-30, 2020",249012,58784,29.4,6.1,845790,"1,379,576"
Wisconsin,"9 - June 25-30, 2020",509056,132886,16.6,4.5,3057930,"4,438,719"
Wyoming,"9 - June 25-30, 2020",44720,15982,15.7,5.6,285059,"433,400"
Alabama,"8 - June 18-23, 2020",602861,118927,24.3,4.8,2479270,"3,717,378"
Alaska,"8 - June 18-23, 2020",68055,13729,18.2,3.5,374171,"524,925"
Arizona,"8 - June 18-23, 2020",783439,140790,20.7,3.6,3788754,"5,597,268"
Arkansas,"8 - June 18-23, 2020",339758,69026,23.7,4.5,1433013,"2,246,527"
California,"8 - June 18-23, 2020",6396179,558960,28.9,2.6,22095196,"29,939,021"
Colorado,"8 - June 18-23, 2020",563091,126102,16.8,3.7,3345428,"4,454,718"
Connecticut,"8 - June 18-23, 2020",488991,66996,24.2,3.4,2016682,"2,732,423"
Delaware,"8 - June 18-23, 2020",91021,21445,18.4,4.1,494938,"754,637"
District of Columbia,"8 - June 18-23, 2020",61761,17984,14.6,4,423794,"542,635"
Florida,"8 - June 18-23, 2020",3446946,404429,31.1,3.3,11090115,"17,085,385"
Georgia,"8 - June 18-23, 2020",1651843,224485,28.9,3.6,5719858,"7,955,983"
Hawaii,"8 - June 18-23, 2020",164881,33125,22.2,4.5,744156,"1,073,229"
Idaho,"8 - June 18-23, 2020",147037,29987,14.8,3.2,992535,"1,343,198"
Illinois,"8 - June 18-23, 2020",1592300,320436,24,4.4,6623278,"9,546,424"
Indiana,"8 - June 18-23, 2020",739277,116668,20.6,3.4,3587776,"5,015,550"
Iowa,"8 - June 18-23, 2020",288136,58366,18.8,4,1529056,"2,342,905"
Kansas,"8 - June 18-23, 2020",194589,37409,13.5,2.7,1437866,"2,140,957"
Kentucky,"8 - June 18-23, 2020",410945,92402,19.7,4.5,2085947,"3,344,102"
Louisiana,"8 - June 18-23, 2020",684183,87083,31.2,3.6,2191123,"3,431,432"
Maine,"8 - June 18-23, 2020",134224,29470,18.2,3.8,737682,"1,065,620"
Maryland,"8 - June 18-23, 2020",909782,154000,27.5,4.2,3305267,"4,586,920"
Massachusetts,"8 - June 18-23, 2020",664601,108549,17.4,2.9,3817024,"5,324,065"
Michigan,"8 - June 18-23, 2020",822360,121406,17.3,2.4,4764964,"7,644,458"
Minnesota,"8 - June 18-23, 2020",392852,88694,13.1,2.9,3007831,"4,241,624"
Mississippi,"8 - June 18-23, 2020",454130,88050,37.8,5.4,1201645,"2,189,670"
Missouri,"8 - June 18-23, 2020",649379,125769,21.1,4.1,3084128,"4,617,880"
Montana,"8 - June 18-23, 2020",89080,19763,16.3,3.6,546623,"822,204"
Nebraska,"8 - June 18-23, 2020",183648,39906,19.8,4.3,927185,"1,418,191"
Nevada,"8 - June 18-23, 2020",597006,65999,32.9,3.6,1814194,"2,399,457"
New Hampshire,"8 - June 18-23, 2020",105169,31808,14.9,4.1,707138,"1,073,014"
New Jersey,"8 - June 18-23, 2020",1392612,181194,30.1,3.8,4629448,"6,776,822"
New Mexico,"8 - June 18-23, 2020",215172,45341,21.3,4.7,1012000,"1,589,574"
New York,"8 - June 18-23, 2020",3141558,413852,30.6,3.7,10250058,"14,847,080"
North Carolina,"8 - June 18-23, 2020",1366974,235009,25.8,3.8,5297212,"8,017,566"
North Dakota,"8 - June 18-23, 2020",95514,24956,24.3,6.3,392957,"561,016"
Ohio,"8 - June 18-23, 2020",1384872,234460,24.3,3.8,5695109,"8,822,539"
Oklahoma,"8 - June 18-23, 2020",427227,80991,22.5,4,1900614,"2,916,436"
Oregon,"8 - June 18-23, 2020",434036,82791,17.3,3.3,2504837,"3,302,727"
Pennsylvania,"8 - June 18-23, 2020",1603967,217439,23.9,3.1,6716800,"9,776,154"
Rhode Island,"8 - June 18-23, 2020",122289,22947,21.8,4.3,561060,"817,559"
South Carolina,"8 - June 18-23, 2020",478807,97672,20,4.3,2388266,"3,969,123"
South Dakota,"8 - June 18-23, 2020",87949,19313,19.2,4.1,456889,"642,658"
Tennessee,"8 - June 18-23, 2020",968988,186136,27.3,4.7,3553579,"5,221,475"
Texas,"8 - June 18-23, 2020",4034189,390533,28.4,2.7,14225360,"21,356,906"
Utah,"8 - June 18-23, 2020",244733,49948,14.4,3,1704842,"2,281,207"
Vermont,"8 - June 18-23, 2020",40704,11798,13.4,3.6,304371,"485,485"
Virginia,"8 - June 18-23, 2020",754249,128480,16.2,2.8,4669680,"6,472,737"
Washington,"8 - June 18-23, 2020",596780,114206,14.8,2.8,4025196,"5,890,357"
West Virginia,"8 - June 18-23, 2020",176869,49769,21.4,5.5,827747,"1,379,576"
Wisconsin,"8 - June 18-23, 2020",503888,90255,16.5,3,3062712,"4,438,719"
Wyoming,"8 - June 18-23, 2020",47874,16244,16,5.4,298495,"433,400"
Alabama,"7 - June 11-16, 2020",608139,113542,25.7,4.4,2362397,"3,717,378"
Alaska,"7 - June 11-16, 2020",69875,20939,18.2,5.2,383195,"524,925"
Arizona,"7 - June 11-16, 2020",873155,156274,21.9,3.9,3989752,"5,597,268"
Arkansas,"7 - June 11-16, 2020",409865,74623,29.1,4.5,1406971,"2,246,527"
California,"7 - June 11-16, 2020",5005090,614484,23,2.8,21730911,"29,939,021"
Colorado,"7 - June 11-16, 2020",567846,124582,16.3,3.4,3484860,"4,454,718"
Connecticut,"7 - June 11-16, 2020",336285,76726,17.3,4,1946918,"2,732,423"
Delaware,"7 - June 11-16, 2020",80529,19776,15.7,4.1,512437,"754,637"
District of Columbia,"7 - June 11-16, 2020",85791,21519,18.9,4.7,453921,"542,635"
Florida,"7 - June 11-16, 2020",3810039,402415,34.3,3.4,11118801,"17,085,385"
Georgia,"7 - June 11-16, 2020",1301930,253675,22.8,4.4,5719414,"7,955,983"
Hawaii,"7 - June 11-16, 2020",156899,34886,19.7,4.5,795354,"1,073,229"
Idaho,"7 - June 11-16, 2020",154953,33387,16.1,3.5,964578,"1,343,198"
Illinois,"7 - June 11-16, 2020",1639483,215912,25.5,3.3,6422456,"9,546,424"
Indiana,"7 - June 11-16, 2020",662853,139002,20.1,4,3291514,"5,015,550"
Iowa,"7 - June 11-16, 2020",294708,86015,19.1,5.2,1539046,"2,342,905"
Kansas,"7 - June 11-16, 2020",202676,65245,15.4,4.7,1318898,"2,140,957"
Kentucky,"7 - June 11-16, 2020",398741,84268,18.6,3.7,2141945,"3,344,102"
Louisiana,"7 - June 11-16, 2020",644550,133027,30.8,5.9,2092562,"3,431,432"
Maine,"7 - June 11-16, 2020",81958,27175,11.8,3.8,694806,"1,065,620"
Maryland,"7 - June 11-16, 2020",932574,137937,27.7,3.7,3370358,"4,586,920"
Massachusetts,"7 - June 11-16, 2020",614828,118038,17,3.1,3620676,"5,324,065"
Michigan,"7 - June 11-16, 2020",940160,180433,18.9,3.4,4980500,"7,644,458"
Minnesota,"7 - June 11-16, 2020",375016,101373,12.9,3.4,2911413,"4,241,624"
Mississippi,"7 - June 11-16, 2020",451273,103966,34.1,6.7,1323046,"2,189,670"
Missouri,"7 - June 11-16, 2020",773048,145130,24.3,4,3174956,"4,617,880"
Montana,"7 - June 11-16, 2020",113121,24637,21.1,4.3,537362,"822,204"
Nebraska,"7 - June 11-16, 2020",167338,37227,16.8,3.5,997576,"1,418,191"
Nevada,"7 - June 11-16, 2020",574354,82093,30.9,3.8,1856226,"2,399,457"
New Hampshire,"7 - June 11-16, 2020",75827,20013,10.6,2.7,718604,"1,073,014"
New Jersey,"7 - June 11-16, 2020",1125115,240909,23.8,4.9,4736982,"6,776,822"
New Mexico,"7 - June 11-16, 2020",257540,59836,24.6,5.4,1047934,"1,589,574"
New York,"7 - June 11-16, 2020",2704631,384398,26.7,3.6,10146479,"14,847,080"
North Carolina,"7 - June 11-16, 2020",1222474,191522,23.1,3.5,5289981,"8,017,566"
North Dakota,"7 - June 11-16, 2020",67490,26504,18.9,6.9,357480,"561,016"
Ohio,"7 - June 11-16, 2020",1066676,241868,17.5,3.9,6081752,"8,822,539"
Oklahoma,"7 - June 11-16, 2020",391497,67081,20.1,3.3,1950503,"2,916,436"
Oregon,"7 - June 11-16, 2020",554884,139799,22.2,5.1,2503405,"3,302,727"
Pennsylvania,"7 - June 11-16, 2020",1282628,234180,20.9,3.5,6127459,"9,776,154"
Rhode Island,"7 - June 11-16, 2020",98673,23564,16.3,3.8,604971,"817,559"
South Carolina,"7 - June 11-16, 2020",539022,150295,23,5.5,2342271,"3,969,123"
South Dakota,"7 - June 11-16, 2020",73043,27819,19.6,6.5,373157,"642,658"
Tennessee,"7 - June 11-16, 2020",912567,223729,25.7,5.7,3556010,"5,221,475"
Texas,"7 - June 11-16, 2020",4194667,503206,29.2,3,14383088,"21,356,906"
Utah,"7 - June 11-16, 2020",194510,52191,12.2,3.1,1599601,"2,281,207"
Vermont,"7 - June 11-16, 2020",73707,27012,23,8.2,320190,"485,485"
Virginia,"7 - June 11-16, 2020",938519,174170,20.5,3.6,4568074,"6,472,737"
Washington,"7 - June 11-16, 2020",520240,130027,12.5,3.1,4167784,"5,890,357"
West Virginia,"7 - June 11-16, 2020",199883,67510,21.5,6.9,931551,"1,379,576"
Wisconsin,"7 - June 11-16, 2020",514226,129069,17.9,4.3,2874588,"4,438,719"
Wyoming,"7 - June 11-16, 2020",61132,21673,21.2,6.9,287795,"433,400"
Alabama,"6 - June 4-9, 2020",549975,112337,22.6,4.4,2432621,"3,717,378"
Alaska,"6 - June 4-9, 2020",76896,16561,22.6,4.7,340081,"524,925"
Arizona,"6 - June 4-9, 2020",649675,111941,18,2.9,3605539,"5,597,268"
Arkansas,"6 - June 4-9, 2020",329231,77361,24.9,5.4,1324795,"2,246,527"
California,"6 - June 4-9, 2020",5084197,601556,24,2.7,21209930,"29,939,021"
Colorado,"6 - June 4-9, 2020",493778,124299,16,3.8,3093445,"4,454,718"
Connecticut,"6 - June 4-9, 2020",285454,90151,15.9,5,1791067,"2,732,423"
Delaware,"6 - June 4-9, 2020",120728,20588,24.7,4.4,488293,"754,637"
District of Columbia,"6 - June 4-9, 2020",72763,21709,17.2,4.8,423658,"542,635"
Florida,"6 - June 4-9, 2020",3186070,352731,29.5,3.1,10784261,"17,085,385"
Georgia,"6 - June 4-9, 2020",1580140,241983,28.4,4.1,5556844,"7,955,983"
Hawaii,"6 - June 4-9, 2020",128233,25634,19.1,3.7,672905,"1,073,229"
Idaho,"6 - June 4-9, 2020",128243,28107,14.5,3.1,883988,"1,343,198"
Illinois,"6 - June 4-9, 2020",1388888,239697,24,3.9,5794530,"9,546,424"
Indiana,"6 - June 4-9, 2020",563731,106549,17.6,3.4,3201304,"5,015,550"
Iowa,"6 - June 4-9, 2020",293087,83511,21.2,5.4,1381904,"2,342,905"
Kansas,"6 - June 4-9, 2020",232106,43588,16.3,2.8,1423819,"2,140,957"
Kentucky,"6 - June 4-9, 2020",476039,97812,22.9,4.6,2081367,"3,344,102"
Louisiana,"6 - June 4-9, 2020",580819,83913,28.7,4.2,2023752,"3,431,432"
Maine,"6 - June 4-9, 2020",117367,28968,18.4,4,639246,"1,065,620"
Maryland,"6 - June 4-9, 2020",742513,117698,23.7,3.5,3134374,"4,586,920"
Massachusetts,"6 - June 4-9, 2020",541426,103682,14.9,2.6,3645535,"5,324,065"
Michigan,"6 - June 4-9, 2020",839109,174189,17.5,3.7,4788807,"7,644,458"
Minnesota,"6 - June 4-9, 2020",305084,77658,10.7,2.7,2862877,"4,241,624"
Mississippi,"6 - June 4-9, 2020",343577,65522,30.1,5.2,1141685,"2,189,670"
Missouri,"6 - June 4-9, 2020",617763,167349,21.5,5.3,2869640,"4,617,880"
Montana,"6 - June 4-9, 2020",63550,15907,13.5,3.1,469702,"822,204"
Nebraska,"6 - June 4-9, 2020",131511,42607,14,4.5,937363,"1,418,191"
Nevada,"6 - June 4-9, 2020",473973,67485,28.3,3.6,1676675,"2,399,457"
New Hampshire,"6 - June 4-9, 2020",80685,32975,11.1,4.6,726862,"1,073,014"
New Jersey,"6 - June 4-9, 2020",1057641,236996,24.4,4.9,4336424,"6,776,822"
New Mexico,"6 - June 4-9, 2020",187502,48250,19.3,4.7,973816,"1,589,574"
New York,"6 - June 4-9, 2020",2859884,439347,30.8,4,9297847,"14,847,080"
North Carolina,"6 - June 4-9, 2020",865298,169964,17.1,3.1,5060088,"8,017,566"
North Dakota,"6 - June 4-9, 2020",64997,19035,18.4,5,353891,"561,016"
Ohio,"6 - June 4-9, 2020",958094,287956,15.4,4.5,6235124,"8,822,539"
Oklahoma,"6 - June 4-9, 2020",324605,59966,18.3,3.3,1769488,"2,916,436"
Oregon,"6 - June 4-9, 2020",326371,70447,14,3.1,2332294,"3,302,727"
Pennsylvania,"6 - June 4-9, 2020",1005559,199967,17.1,3.2,5888946,"9,776,154"
Rhode Island,"6 - June 4-9, 2020",93164,22990,16.5,4.2,564525,"817,559"
South Carolina,"6 - June 4-9, 2020",596692,139451,26.7,5.6,2235906,"3,969,123"
South Dakota,"6 - June 4-9, 2020",84643,24328,23.1,6,366472,"642,658"
Tennessee,"6 - June 4-9, 2020",723744,163947,22,4.6,3289296,"5,221,475"
Texas,"6 - June 4-9, 2020",3853578,430035,29.5,3,13057656,"21,356,906"
Utah,"6 - June 4-9, 2020",260428,56171,16.4,3.4,1592311,"2,281,207"
Vermont,"6 - June 4-9, 2020",41374,13907,12.7,4.2,326599,"485,485"
Virginia,"6 - June 4-9, 2020",611417,160223,14.8,3.5,4118539,"6,472,737"
Washington,"6 - June 4-9, 2020",638183,119943,15,2.8,4256851,"5,890,357"
West Virginia,"6 - June 4-9, 2020",198988,60579,26,7.7,766538,"1,379,576"
Wisconsin,"6 - June 4-9, 2020",391291,84322,12.9,2.6,3043711,"4,438,719"
Wyoming,"6 - June 4-9, 2020",33750,10690,12.2,3.5,277553,"433,400"
Alabama,"5 - May 28-June 2, 2020",538175,90797,22.9,3.9,2354106,"3,717,378"
Alaska,"5 - May 28-June 2, 2020",57478,10865,16.4,3,349663,"524,925"
Arizona,"5 - May 28-June 2, 2020",747257,124465,19.7,3.3,3801273,"5,597,268"
Arkansas,"5 - May 28-June 2, 2020",367381,58694,25.8,3.9,1425721,"2,246,527"
California,"5 - May 28-June 2, 2020",5766166,665805,27.3,2.9,21121603,"29,939,021"
Colorado,"5 - May 28-June 2, 2020",452814,80548,13.9,2.5,3252451,"4,454,718"
Connecticut,"5 - May 28-June 2, 2020",354723,65498,19,3.3,1867125,"2,732,423"
Delaware,"5 - May 28-June 2, 2020",96027,19745,20.1,3.8,477228,"754,637"
District of Columbia,"5 - May 28-June 2, 2020",90830,26105,22.7,5.9,399500,"542,635"
Florida,"5 - May 28-June 2, 2020",3286386,375772,30.7,3.2,10711188,"17,085,385"
Georgia,"5 - May 28-June 2, 2020",1243454,165706,24,3.2,5178846,"7,955,983"
Hawaii,"5 - May 28-June 2, 2020",155307,24687,21.5,3.5,721068,"1,073,229"
Idaho,"5 - May 28-June 2, 2020",154320,30666,17.8,3.4,865424,"1,343,198"
Illinois,"5 - May 28-June 2, 2020",1651994,239372,28.8,3.6,5728500,"9,546,424"
Indiana,"5 - May 28-June 2, 2020",834625,160040,24.6,4.2,3394921,"5,015,550"
Iowa,"5 - May 28-June 2, 2020",218484,53741,14.9,3.7,1466980,"2,342,905"
Kansas,"5 - May 28-June 2, 2020",228109,45043,16.3,3.2,1396075,"2,140,957"
Kentucky,"5 - May 28-June 2, 2020",551571,101335,27,4.5,2040248,"3,344,102"
Louisiana,"5 - May 28-June 2, 2020",468053,79962,25.3,4.4,1850363,"3,431,432"
Maine,"5 - May 28-June 2, 2020",76902,24308,11.6,3.5,665226,"1,065,620"
Maryland,"5 - May 28-June 2, 2020",826384,101934,25.1,2.8,3288121,"4,586,920"
Massachusetts,"5 - May 28-June 2, 2020",739573,139377,19.5,3.7,3793639,"5,324,065"
Michigan,"5 - May 28-June 2, 2020",1179662,157316,24.7,2.9,4775058,"7,644,458"
Minnesota,"5 - May 28-June 2, 2020",370688,68925,13.3,2.3,2793927,"4,241,624"
Mississippi,"5 - May 28-June 2, 2020",388639,69385,33.3,5.2,1167399,"2,189,670"
Missouri,"5 - May 28-June 2, 2020",476724,87782,15.9,3,2997718,"4,617,880"
Montana,"5 - May 28-June 2, 2020",47667,13092,9.4,2.6,508724,"822,204"
Nebraska,"5 - May 28-June 2, 2020",141414,21632,15.4,2.3,918869,"1,418,191"
Nevada,"5 - May 28-June 2, 2020",449573,70698,27,3.9,1667482,"2,399,457"
New Hampshire,"5 - May 28-June 2, 2020",79071,17311,11,2.4,719251,"1,073,014"
New Jersey,"5 - May 28-June 2, 2020",1272511,161778,28.4,3.1,4482104,"6,776,822"
New Mexico,"5 - May 28-June 2, 2020",299520,46624,30.5,4.2,982465,"1,589,574"
New York,"5 - May 28-June 2, 2020",2660499,293252,27.6,2.9,9643084,"14,847,080"
North Carolina,"5 - May 28-June 2, 2020",1194418,203481,23,3.6,5196573,"8,017,566"
North Dakota,"5 - May 28-June 2, 2020",50889,13849,15.5,3.9,327460,"561,016"
Ohio,"5 - May 28-June 2, 2020",1112882,265772,20,4.5,5577515,"8,822,539"
Oklahoma,"5 - May 28-June 2, 2020",467890,81897,26,4.1,1799279,"2,916,436"
Oregon,"5 - May 28-June 2, 2020",412377,76313,18.8,3.3,2193138,"3,302,727"
Pennsylvania,"5 - May 28-June 2, 2020",919257,192540,16.7,3.1,5512765,"9,776,154"
Rhode Island,"5 - May 28-June 2, 2020",87525,17840,15.7,3.4,556463,"817,559"
South Carolina,"5 - May 28-June 2, 2020",660719,113690,27.9,4.5,2370755,"3,969,123"
South Dakota,"5 - May 28-June 2, 2020",72339,17468,19.8,4.3,365998,"642,658"
Tennessee,"5 - May 28-June 2, 2020",584859,76078,18.9,2.4,3101904,"5,221,475"
Texas,"5 - May 28-June 2, 2020",3844175,478832,28.2,2.9,13610734,"21,356,906"
Utah,"5 - May 28-June 2, 2020",270720,51208,15.8,2.8,1713342,"2,281,207"
Vermont,"5 - May 28-June 2, 2020",50022,12698,14.8,3.7,337997,"485,485"
Virginia,"5 - May 28-June 2, 2020",983587,144298,21.8,3.1,4515979,"6,472,737"
Washington,"5 - May 28-June 2, 2020",835315,168581,19.4,3.6,4308740,"5,890,357"
West Virginia,"5 - May 28-June 2, 2020",191113,49147,24.2,5.9,789133,"1,379,576"
Wisconsin,"5 - May 28-June 2, 2020",334535,72379,12.1,2.6,2766618,"4,438,719"
Wyoming,"5 - May 28-June 2, 2020",47546,10916,17.2,3.8,276006,"433,400"
Alabama,"4 - May 21-26, 2020",596389,105891,25.9,4.3,2306805,"3,717,378"
Alaska,"4 - May 21-26, 2020",60903,15673,17,4.1,357540,"524,925"
Arizona,"4 - May 21-26, 2020",817587,126891,21.4,3.3,3828888,"5,597,268"
Arkansas,"4 - May 21-26, 2020",314501,65879,23.4,4.6,1345991,"2,246,527"
California,"4 - May 21-26, 2020",5667284,651110,27.5,2.9,20601279,"29,939,021"
Colorado,"4 - May 21-26, 2020",508773,108957,16.1,3.5,3161457,"4,454,718"
Connecticut,"4 - May 21-26, 2020",376973,52775,21.2,3,1781154,"2,732,423"
Delaware,"4 - May 21-26, 2020",135714,30115,27.8,5.5,487451,"754,637"
District of Columbia,"4 - May 21-26, 2020",89310,26760,22.2,6.5,403059,"542,635"
Florida,"4 - May 21-26, 2020",3139921,286163,29.4,2.9,10669340,"17,085,385"
Georgia,"4 - May 21-26, 2020",1405485,245487,27.5,4.6,5115807,"7,955,983"
Hawaii,"4 - May 21-26, 2020",185839,29225,25.3,3.7,733300,"1,073,229"
Idaho,"4 - May 21-26, 2020",130535,31109,16.1,3.6,812291,"1,343,198"
Illinois,"4 - May 21-26, 2020",1552435,220235,25.4,3.3,6120467,"9,546,424"
Indiana,"4 - May 21-26, 2020",703176,126397,21.5,3.5,3271984,"5,015,550"
Iowa,"4 - May 21-26, 2020",186816,43080,13.4,3,1397619,"2,342,905"
Kansas,"4 - May 21-26, 2020",292976,57378,20.3,3.9,1445075,"2,140,957"
Kentucky,"4 - May 21-26, 2020",421501,106496,19.8,4.8,2131228,"3,344,102"
Louisiana,"4 - May 21-26, 2020",628012,104604,31.9,5,1969012,"3,431,432"
Maine,"4 - May 21-26, 2020",89353,23297,13.9,3.7,640906,"1,065,620"
Maryland,"4 - May 21-26, 2020",776050,115428,25.4,3.6,3054235,"4,586,920"
Massachusetts,"4 - May 21-26, 2020",693638,112920,19.3,2.9,3598961,"5,324,065"
Michigan,"4 - May 21-26, 2020",986300,173003,22,3.8,4492916,"7,644,458"
Minnesota,"4 - May 21-26, 2020",342700,85069,12.7,3.1,2705223,"4,241,624"
Mississippi,"4 - May 21-26, 2020",397157,74732,34.7,5.5,1143470,"2,189,670"
Missouri,"4 - May 21-26, 2020",412062,82924,14,2.7,2952510,"4,617,880"
Montana,"4 - May 21-26, 2020",63485,17352,12.3,3.5,517279,"822,204"
Nebraska,"4 - May 21-26, 2020",129239,29240,13.9,3.1,929345,"1,418,191"
Nevada,"4 - May 21-26, 2020",461521,68935,26.3,3.8,1752322,"2,399,457"
New Hampshire,"4 - May 21-26, 2020",82409,20847,11.7,3,706485,"1,073,014"
New Jersey,"4 - May 21-26, 2020",1359414,163770,29.3,3.4,4632752,"6,776,822"
New Mexico,"4 - May 21-26, 2020",233554,45891,23.1,4.5,1009636,"1,589,574"
New York,"4 - May 21-26, 2020",2483497,345749,25.4,3.4,9781073,"14,847,080"
North Carolina,"4 - May 21-26, 2020",1150217,184452,22.9,3.2,5032207,"8,017,566"
North Dakota,"4 - May 21-26, 2020",69039,15138,21.9,4.8,315636,"561,016"
Ohio,"4 - May 21-26, 2020",1177540,208989,20.6,3.7,5718752,"8,822,539"
Oklahoma,"4 - May 21-26, 2020",372472,68472,21.4,3.8,1743205,"2,916,436"
Oregon,"4 - May 21-26, 2020",379730,65978,16.6,3,2283258,"3,302,727"
Pennsylvania,"4 - May 21-26, 2020",1282887,218757,21,3.4,6112238,"9,776,154"
Rhode Island,"4 - May 21-26, 2020",113693,24546,21.6,4.5,526163,"817,559"
South Carolina,"4 - May 21-26, 2020",472361,90475,19.9,3.6,2371912,"3,969,123"
South Dakota,"4 - May 21-26, 2020",72570,21267,18.5,5.1,393060,"642,658"
Tennessee,"4 - May 21-26, 2020",625316,109163,19.8,3.4,3151559,"5,221,475"
Texas,"4 - May 21-26, 2020",4339234,466577,31.5,2.9,13766977,"21,356,906"
Utah,"4 - May 21-26, 2020",244984,50604,14.8,3,1660884,"2,281,207"
Vermont,"4 - May 21-26, 2020",36145,12162,11.1,3.8,325951,"485,485"
Virginia,"4 - May 21-26, 2020",755094,123259,16.7,2.6,4533066,"6,472,737"
Washington,"4 - May 21-26, 2020",570802,113722,14.1,2.7,4046950,"5,890,357"
West Virginia,"4 - May 21-26, 2020",266529,60426,35,7.2,761081,"1,379,576"
Wisconsin,"4 - May 21-26, 2020",365452,91706,13.2,3.2,2771000,"4,438,719"
Wyoming,"4 - May 21-26, 2020",57073,15254,20.9,5.1,272708,"433,400"
Alabama,"3 - May 14-19, 2020",415762,91958,17.7,3.7,2343365,"3,717,378"
Alaska,"3 - May 14-19, 2020",60783,11351,17.7,3.3,344272,"524,925"
Arizona,"3 - May 14-19, 2020",740817,110448,19.5,3.1,3805982,"5,597,268"
Arkansas,"3 - May 14-19, 2020",412112,78280,29.4,5.1,1403112,"2,246,527"
California,"3 - May 14-19, 2020",5686586,620648,27.2,2.8,20897724,"29,939,021"
Colorado,"3 - May 14-19, 2020",518580,104864,16,3.1,3242719,"4,454,718"
Connecticut,"3 - May 14-19, 2020",476447,89459,26.6,4,1789172,"2,732,423"
Delaware,"3 - May 14-19, 2020",151819,26210,30.1,5,504528,"754,637"
District of Columbia,"3 - May 14-19, 2020",105992,28303,25.1,5.9,421843,"542,635"
Florida,"3 - May 14-19, 2020",3600890,387814,32.6,3.1,11029947,"17,085,385"
Georgia,"3 - May 14-19, 2020",1749050,230243,31.3,3.7,5596140,"7,955,983"
Hawaii,"3 - May 14-19, 2020",176140,30411,22.8,3.7,771736,"1,073,229"
Idaho,"3 - May 14-19, 2020",161067,40088,17.4,4.2,927450,"1,343,198"
Illinois,"3 - May 14-19, 2020",1618615,201971,25.7,2.6,6295859,"9,546,424"
Indiana,"3 - May 14-19, 2020",821409,147109,24.4,3.9,3369505,"5,015,550"
Iowa,"3 - May 14-19, 2020",201090,75583,14.1,5.3,1427410,"2,342,905"
Kansas,"3 - May 14-19, 2020",302189,67011,24.5,5.2,1234606,"2,140,957"
Kentucky,"3 - May 14-19, 2020",374601,84844,17.6,4.2,2130487,"3,344,102"
Louisiana,"3 - May 14-19, 2020",590408,97902,29.1,4.4,2028108,"3,431,432"
Maine,"3 - May 14-19, 2020",148859,44396,22.9,6.1,651240,"1,065,620"
Maryland,"3 - May 14-19, 2020",857261,156428,26.5,4.6,3239226,"4,586,920"
Massachusetts,"3 - May 14-19, 2020",692956,121192,17.9,3.1,3863916,"5,324,065"
Michigan,"3 - May 14-19, 2020",1051883,157041,21.7,3.3,4849096,"7,644,458"
Minnesota,"3 - May 14-19, 2020",569962,132223,19.7,4.3,2894915,"4,241,624"
Mississippi,"3 - May 14-19, 2020",589103,110617,46.4,7.1,1269047,"2,189,670"
Missouri,"3 - May 14-19, 2020",798332,168123,24.1,4.7,3310445,"4,617,880"
Montana,"3 - May 14-19, 2020",99678,29886,19.7,5.8,505692,"822,204"
Nebraska,"3 - May 14-19, 2020",162034,37765,16,3.7,1013920,"1,418,191"
Nevada,"3 - May 14-19, 2020",474908,72656,27,3.9,1758563,"2,399,457"
New Hampshire,"3 - May 14-19, 2020",118561,27906,16,3.8,741034,"1,073,014"
New Jersey,"3 - May 14-19, 2020",1451913,192337,32.2,4,4513266,"6,776,822"
New Mexico,"3 - May 14-19, 2020",255908,49880,24.4,4.5,1047569,"1,589,574"
New York,"3 - May 14-19, 2020",2938758,482391,30.6,4.4,9609390,"14,847,080"
North Carolina,"3 - May 14-19, 2020",1268627,206343,24.2,3.8,5234064,"8,017,566"
North Dakota,"3 - May 14-19, 2020",74659,22977,19.8,5.6,376920,"561,016"
Ohio,"3 - May 14-19, 2020",1447361,280111,25.3,4.8,5715758,"8,822,539"
Oklahoma,"3 - May 14-19, 2020",569734,125109,30.7,6.1,1856819,"2,916,436"
Oregon,"3 - May 14-19, 2020",402436,70523,16.9,2.7,2382541,"3,302,727"
Pennsylvania,"3 - May 14-19, 2020",1289958,198548,20.9,3.1,6165370,"9,776,154"
Rhode Island,"3 - May 14-19, 2020",124429,19659,22.8,3.6,545615,"817,559"
South Carolina,"3 - May 14-19, 2020",838978,142337,30.8,5.1,2721739,"3,969,123"
South Dakota,"3 - May 14-19, 2020",68203,19880,17.1,4.8,398909,"642,658"
Tennessee,"3 - May 14-19, 2020",842293,120793,24.4,3.6,3457029,"5,221,475"
Texas,"3 - May 14-19, 2020",4015429,444407,30.7,3.5,13085524,"21,356,906"
Utah,"3 - May 14-19, 2020",259481,47183,15.1,2.8,1719895,"2,281,207"
Vermont,"3 - May 14-19, 2020",47520,14295,14.6,4,325869,"485,485"
Virginia,"3 - May 14-19, 2020",936677,150179,19.2,3,4877713,"6,472,737"
Washington,"3 - May 14-19, 2020",711569,126765,17.3,3,4121421,"5,890,357"
West Virginia,"3 - May 14-19, 2020",245774,55902,31.1,6.5,789585,"1,379,576"
Wisconsin,"3 - May 14-19, 2020",547874,121688,18.3,3.6,2999139,"4,438,719"
Wyoming,"3 - May 14-19, 2020",47652,17322,16.6,6.1,287071,"433,400"
Alabama,"2 - May 7-12, 2020",710851,157427,27.7,5.9,2565827,"3,717,378"
Alaska,"2 - May 7-12, 2020",67029,15570,17.8,4.4,376795,"524,925"
Arizona,"2 - May 7-12, 2020",908235,205588,21.5,5.1,4231016,"5,597,268"
Arkansas,"2 - May 7-12, 2020",334752,72562,23.3,5.5,1435976,"2,246,527"
California,"2 - May 7-12, 2020",6174279,1044195,27.9,4.3,22118913,"29,939,021"
Colorado,"2 - May 7-12, 2020",645211,224498,18.4,6.3,3500205,"4,454,718"
Connecticut,"2 - May 7-12, 2020",408313,95935,20.5,4.2,1996152,"2,732,423"
Delaware,"2 - May 7-12, 2020",121386,25510,22.9,5,529195,"754,637"
District of Columbia,"2 - May 7-12, 2020",87939,22597,20.8,5,422469,"542,635"
Florida,"2 - May 7-12, 2020",3356820,457813,28.1,4.1,11964691,"17,085,385"
Georgia,"2 - May 7-12, 2020",1286863,326397,23.5,5.5,5479298,"7,955,983"
Hawaii,"2 - May 7-12, 2020",256249,58205,32.4,6.5,790259,"1,073,229"
Idaho,"2 - May 7-12, 2020",148464,40443,16,4.1,929485,"1,343,198"
Illinois,"2 - May 7-12, 2020",2209403,346567,32.6,4.8,6778872,"9,546,424"
Indiana,"2 - May 7-12, 2020",742017,181999,20.9,4.8,3549926,"5,015,550"
Iowa,"2 - May 7-12, 2020",295517,72201,19,4.8,1555548,"2,342,905"
Kansas,"2 - May 7-12, 2020",296524,85659,22,5.9,1350210,"2,140,957"
Kentucky,"2 - May 7-12, 2020",590590,149202,25,6.1,2362974,"3,344,102"
Louisiana,"2 - May 7-12, 2020",629721,208391,32.5,9.6,1936201,"3,431,432"
Maine,"2 - May 7-12, 2020",126269,41354,20.2,6.1,623941,"1,065,620"
Maryland,"2 - May 7-12, 2020",983476,213229,30.2,5.9,3261796,"4,586,920"
Massachusetts,"2 - May 7-12, 2020",672640,202735,17.4,5.2,3860688,"5,324,065"
Michigan,"2 - May 7-12, 2020",814515,185855,16.1,3.5,5059066,"7,644,458"
Minnesota,"2 - May 7-12, 2020",455680,139850,15.7,4.4,2896706,"4,241,624"
Mississippi,"2 - May 7-12, 2020",571903,144948,45.2,8.3,1266423,"2,189,670"
Missouri,"2 - May 7-12, 2020",649515,170987,19.5,5.1,3329449,"4,617,880"
Montana,"2 - May 7-12, 2020",74402,24639,14.2,4.1,523110,"822,204"
Nebraska,"2 - May 7-12, 2020",171086,55559,17.3,5.5,990666,"1,418,191"
Nevada,"2 - May 7-12, 2020",434646,91488,26.2,4.7,1656252,"2,399,457"
New Hampshire,"2 - May 7-12, 2020",105393,33735,14,4.5,753675,"1,073,014"
New Jersey,"2 - May 7-12, 2020",1451550,309633,31.8,5.9,4562127,"6,776,822"
New Mexico,"2 - May 7-12, 2020",143844,49638,13.7,4.1,1048583,"1,589,574"
New York,"2 - May 7-12, 2020",2743355,629898,26.9,5.7,10209399,"14,847,080"
North Carolina,"2 - May 7-12, 2020",1366740,291351,25.2,5,5413544,"8,017,566"
North Dakota,"2 - May 7-12, 2020",66489,22144,16.7,5.8,398660,"561,016"
Ohio,"2 - May 7-12, 2020",1334156,352973,21.2,5,6300221,"8,822,539"
Oklahoma,"2 - May 7-12, 2020",736107,155314,36.2,7.1,2035069,"2,916,436"
Oregon,"2 - May 7-12, 2020",490500,126722,20.6,4.9,2384904,"3,302,727"
Pennsylvania,"2 - May 7-12, 2020",1466470,333162,21.3,5.1,6878810,"9,776,154"
Rhode Island,"2 - May 7-12, 2020",130865,47434,23.2,7.8,564093,"817,559"
South Carolina,"2 - May 7-12, 2020",821255,197076,28.6,6.4,2869897,"3,969,123"
South Dakota,"2 - May 7-12, 2020",93695,28055,20.3,6.4,462115,"642,658"
Tennessee,"2 - May 7-12, 2020",755797,153530,21,4.7,3605383,"5,221,475"
Texas,"2 - May 7-12, 2020",4617179,633722,31.4,4.2,14683062,"21,356,906"
Utah,"2 - May 7-12, 2020",270305,79122,15.4,4.2,1755366,"2,281,207"
Vermont,"2 - May 7-12, 2020",23486,9286,7,2.7,335424,"485,485"
Virginia,"2 - May 7-12, 2020",997607,234798,19.6,4.5,5094547,"6,472,737"
Washington,"2 - May 7-12, 2020",667516,189317,16.1,4.2,4142736,"5,890,357"
West Virginia,"2 - May 7-12, 2020",182000,58400,23.8,7,763733,"1,379,576"
Wisconsin,"2 - May 7-12, 2020",447609,150920,14.7,4.9,3039211,"4,438,719"
Wyoming,"2 - May 7-12, 2020",46280,17729,15.3,5.8,302073,"433,400"
Alabama,"1 - April 23-May 5, 2020",628171,135012,25.2,5,2495596,"3,717,378"
Alaska,"1 - April 23-May 5, 2020",72375,12072,20.1,3,360566,"524,925"
Arizona,"1 - April 23-May 5, 2020",871657,148621,22.5,3.8,3879104,"5,597,268"
Arkansas,"1 - April 23-May 5, 2020",382422,65489,26.9,4.4,1421595,"2,246,527"
California,"1 - April 23-May 5, 2020",5781734,612495,25.9,2.5,22293420,"29,939,021"
Colorado,"1 - April 23-May 5, 2020",530297,100344,15.4,2.9,3440046,"4,454,718"
Connecticut,"1 - April 23-May 5, 2020",494058,93270,25.3,4.6,1950046,"2,732,423"
Delaware,"1 - April 23-May 5, 2020",113262,19394,21.4,3.3,528486,"754,637"
District of Columbia,"1 - April 23-May 5, 2020",84267,15727,19.7,3.5,427732,"542,635"
Florida,"1 - April 23-May 5, 2020",3192804,295056,27.9,2.6,11449643,"17,085,385"
Georgia,"1 - April 23-May 5, 2020",1683164,175478,30.2,3,5581801,"7,955,983"
Hawaii,"1 - April 23-May 5, 2020",228761,45992,29.4,5.7,777233,"1,073,229"
Idaho,"1 - April 23-May 5, 2020",181819,35642,18.5,3.6,983675,"1,343,198"
Illinois,"1 - April 23-May 5, 2020",1887479,295493,29.8,4.4,6330961,"9,546,424"
Indiana,"1 - April 23-May 5, 2020",726356,122814,21.2,3.4,3422063,"5,015,550"
Iowa,"1 - April 23-May 5, 2020",319280,56572,20.7,3.2,1539153,"2,342,905"
Kansas,"1 - April 23-May 5, 2020",320961,63807,22.7,4,1415266,"2,140,957"
Kentucky,"1 - April 23-May 5, 2020",501298,80273,23.2,3.6,2165216,"3,344,102"
Louisiana,"1 - April 23-May 5, 2020",746091,110541,34.7,4.7,2152834,"3,431,432"
Maine,"1 - April 23-May 5, 2020",110629,20668,16.5,3,672009,"1,065,620"
Maryland,"1 - April 23-May 5, 2020",965988,120754,29.6,3.4,3260088,"4,586,920"
Massachusetts,"1 - April 23-May 5, 2020",756199,105166,19.9,2.7,3796040,"5,324,065"
Michigan,"1 - April 23-May 5, 2020",896464,131011,18,2.4,4985532,"7,644,458"
Minnesota,"1 - April 23-May 5, 2020",481061,86437,15.9,2.7,3033328,"4,241,624"
Mississippi,"1 - April 23-May 5, 2020",432814,72319,34,5,1272073,"2,189,670"
Missouri,"1 - April 23-May 5, 2020",646699,121624,19.7,3.7,3278332,"4,617,880"
Montana,"1 - April 23-May 5, 2020",79571,20861,14.3,3.8,555506,"822,204"
Nebraska,"1 - April 23-May 5, 2020",168286,33741,16.5,3.2,1019412,"1,418,191"
Nevada,"1 - April 23-May 5, 2020",441156,56972,24.3,3.1,1811892,"2,399,457"
New Hampshire,"1 - April 23-May 5, 2020",97852,20452,13.4,2.8,730498,"1,073,014"
New Jersey,"1 - April 23-May 5, 2020",1233751,163034,26.3,3.2,4695356,"6,776,822"
New Mexico,"1 - April 23-May 5, 2020",212960,51686,20.8,4.7,1022464,"1,589,574"
New York,"1 - April 23-May 5, 2020",3419958,438607,33.1,3.9,10322888,"14,847,080"
North Carolina,"1 - April 23-May 5, 2020",1082881,170061,19.7,3.1,5485663,"8,017,566"
North Dakota,"1 - April 23-May 5, 2020",42053,10265,11.5,3,364129,"561,016"
Ohio,"1 - April 23-May 5, 2020",1354185,232017,21.7,3.6,6231286,"8,822,539"
Oklahoma,"1 - April 23-May 5, 2020",465198,87182,24.8,4.4,1875555,"2,916,436"
Oregon,"1 - April 23-May 5, 2020",482969,83549,20.4,3.3,2371087,"3,302,727"
Pennsylvania,"1 - April 23-May 5, 2020",1474134,236800,22.9,3.3,6427197,"9,776,154"
Rhode Island,"1 - April 23-May 5, 2020",122654,24349,20.7,4.2,592107,"817,559"
South Carolina,"1 - April 23-May 5, 2020",673814,111241,27.2,4,2481453,"3,969,123"
South Dakota,"1 - April 23-May 5, 2020",50983,13589,13.1,3.6,388744,"642,658"
Tennessee,"1 - April 23-May 5, 2020",775813,132546,21,3.3,3691480,"5,221,475"
Texas,"1 - April 23-May 5, 2020",4599487,531605,32.1,3.2,14330382,"21,356,906"
Utah,"1 - April 23-May 5, 2020",259733,46670,14.9,2.6,1737923,"2,281,207"
Vermont,"1 - April 23-May 5, 2020",57974,14868,17,4,340680,"485,485"
Virginia,"1 - April 23-May 5, 2020",820378,125430,17.6,2.5,4655202,"6,472,737"
Washington,"1 - April 23-May 5, 2020",685388,96799,16,2.2,4274132,"5,890,357"
West Virginia,"1 - April 23-May 5, 2020",157125,38563,21.8,4.9,722387,"1,379,576"
Wisconsin,"1 - April 23-May 5, 2020",456846,114785,15.2,3.7,3010886,"4,438,719"
Wyoming,"1 - April 23-May 5, 2020",63905,13274,21.7,4.6,294899,"433,400"
 -> Metro Areas,,,,,,,--
"Atlanta-Sandy Springs-Alpharetta, GA Metro Area","12 - July 16-21, 2020",905643,177010,26.5,4.3,3417785,"4,931,998"
"Boston-Cambridge-Newton, MA-NH Metro Area","12 - July 16-21, 2020",484930,106597,17.8,3.6,2717038,"3,694,650"
"Chicago-Naperville-Elgin, IL-IN-WI Metro Area","12 - July 16-21, 2020",1338510,231238,27.5,4.1,4859628,"6,884,718"
"Dallas-Fort Worth-Arlington, TX Metro Area","12 - July 16-21, 2020",1325749,222345,35.5,5.8,3735667,"5,345,741"
"Detroit-Warren-Dearborn, MI Metro Area","12 - July 16-21, 2020",652595,176425,25.7,5.9,2543736,"3,625,024"
"Houston-The Woodlands-Sugar Land, TX Metro Area","12 - July 16-21, 2020",1739475,299828,39.6,5.4,4395236,"6,265,632"
"Los Angeles-Long Beach-Anaheim, CA Metro Area","12 - July 16-21, 2020",2801710,477985,36,4.3,7792361,"10,362,065"
"Miami-Fort Lauderdale-Pompano Beach, FL Metro Area","12 - July 16-21, 2020",1063975,255804,37.6,6.5,2829150,"4,554,479"
"New York-Newark-Jersey City, NY-NJ-PA Metro Area","12 - July 16-21, 2020",3582797,446193,34.4,3.8,10405617,"14,908,570"
"Philadelphia-Camden-Wilmington, PA-NJ-DE-MD Metro Area","12 - July 16-21, 2020",911667,197091,25.6,4.8,3558062,"4,966,808"
"Phoenix-Mesa-Chandler, AZ Metro Area","12 - July 16-21, 2020",790396,149093,26.9,4.4,2932853,"4,051,740"
"Riverside-San Bernardino-Ontario, CA Metro Area","12 - July 16-21, 2020",1130930,272798,39.8,6.1,2842771,"4,240,997"
"San Francisco-Oakland-Berkeley, CA Metro Area","12 - July 16-21, 2020",456251,128709,18,4.4,2533480,"3,540,050"
"Seattle-Tacoma-Bellevue, WA Metro Area","12 - July 16-21, 2020",449877,117234,18.9,4.5,2385698,"3,119,664"
"Washington-Arlington-Alexandria, DC-VA-MD-WV Metro Area","12 - July 16-21, 2020",735875,116845,21.3,3.3,3453862,"4,573,830"
"Atlanta-Sandy Springs-Alpharetta, GA Metro Area","11 - July 9-14, 2020",876129,139914,28.2,3.5,3108583,"4,474,973"
"Boston-Cambridge-Newton, MA-NH Metro Area","11 - July 9-14, 2020",570077,139287,21.2,4.7,2693149,"3,771,315"
"Chicago-Naperville-Elgin, IL-IN-WI Metro Area","11 - July 9-14, 2020",1177953,222265,23.7,4,4979701,"7,128,595"
"Dallas-Fort Worth-Arlington, TX Metro Area","11 - July 9-14, 2020",1344976,285278,31.8,5.6,4228938,"6,013,109"
"Detroit-Warren-Dearborn, MI Metro Area","11 - July 9-14, 2020",741970,183424,27.7,6.5,2677661,"3,832,309"
"Houston-The Woodlands-Sugar Land, TX Metro Area","11 - July 9-14, 2020",1381691,257189,37.2,5.8,3716027,"5,644,640"
"Los Angeles-Long Beach-Anaheim, CA Metro Area","11 - July 9-14, 2020",2399586,428003,33.4,5,7186020,"9,560,179"
"Miami-Fort Lauderdale-Pompano Beach, FL Metro Area","11 - July 9-14, 2020",1292266,237062,42.2,5.7,3059247,"4,653,519"
"New York-Newark-Jersey City, NY-NJ-PA Metro Area","11 - July 9-14, 2020",3428035,387174,35.5,3.5,9645733,"14,089,062"
"Philadelphia-Camden-Wilmington, PA-NJ-DE-MD Metro Area","11 - July 9-14, 2020",781806,145279,22.7,3.9,3436558,"5,092,650"
"Phoenix-Mesa-Chandler, AZ Metro Area","11 - July 9-14, 2020",804995,165758,27.7,4.8,2907295,"3,962,617"
"Riverside-San Bernardino-Ontario, CA Metro Area","11 - July 9-14, 2020",1334917,308522,40.7,6.7,3283296,"4,433,840"
"San Francisco-Oakland-Berkeley, CA Metro Area","11 - July 9-14, 2020",544340,181265,19.3,5.4,2818767,"3,515,749"
"Seattle-Tacoma-Bellevue, WA Metro Area","11 - July 9-14, 2020",262122,61854,11.1,2.8,2371431,"3,165,001"
"Washington-Arlington-Alexandria, DC-VA-MD-WV Metro Area","11 - July 9-14, 2020",726934,150292,21.6,3.8,3371858,"4,520,997"
"Atlanta-Sandy Springs-Alpharetta, GA Metro Area","10 - July 2-7, 2020",1090802,228563,32.5,5.5,3357349,"4,486,856"
"Boston-Cambridge-Newton, MA-NH Metro Area","10 - July 2-7, 2020",339910,63026,12.8,2.3,2652220,"3,749,859"
"Chicago-Naperville-Elgin, IL-IN-WI Metro Area","10 - July 2-7, 2020",1131181,242060,22.9,4.3,4941851,"7,129,021"
"Dallas-Fort Worth-Arlington, TX Metro Area","10 - July 2-7, 2020",879507,179805,22.7,4,3871527,"5,624,356"
"Detroit-Warren-Dearborn, MI Metro Area","10 - July 2-7, 2020",440198,92182,18.9,3.9,2330644,"3,731,690"
"Houston-The Woodlands-Sugar Land, TX Metro Area","10 - July 2-7, 2020",1404522,196207,39.2,4.6,3583355,"5,350,395"
"Los Angeles-Long Beach-Anaheim, CA Metro Area","10 - July 2-7, 2020",2164087,357542,27.8,3.9,7794860,"10,385,710"
"Miami-Fort Lauderdale-Pompano Beach, FL Metro Area","10 - July 2-7, 2020",1462888,269072,40.4,5.7,3619783,"4,984,689"
"New York-Newark-Jersey City, NY-NJ-PA Metro Area","10 - July 2-7, 2020",3703239,369808,35.6,3,10403404,"14,044,650"
"Philadelphia-Camden-Wilmington, PA-NJ-DE-MD Metro Area","10 - July 2-7, 2020",871458,184735,25.7,5.1,3389940,"5,185,856"
"Phoenix-Mesa-Chandler, AZ Metro Area","10 - July 2-7, 2020",567471,125940,19.8,3.9,2862237,"3,946,477"
"Riverside-San Bernardino-Ontario, CA Metro Area","10 - July 2-7, 2020",1100472,236339,33.8,5.1,3253544,"4,201,530"
"San Francisco-Oakland-Berkeley, CA Metro Area","10 - July 2-7, 2020",430263,116332,16.4,3.9,2627104,"3,460,016"
"Seattle-Tacoma-Bellevue, WA Metro Area","10 - July 2-7, 2020",320026,67531,14.4,2.9,2224803,"3,238,953"
"Washington-Arlington-Alexandria, DC-VA-MD-WV Metro Area","10 - July 2-7, 2020",841162,175085,22.5,4,3734453,"4,735,225"
"Atlanta-Sandy Springs-Alpharetta, GA Metro Area","9 - June 25-30, 2020",989494,207558,28.3,5,3493854,"4,760,451"
"Boston-Cambridge-Newton, MA-NH Metro Area","9 - June 25-30, 2020",544211,118333,19.9,4.1,2740279,"3,757,676"
"Chicago-Naperville-Elgin, IL-IN-WI Metro Area","9 - June 25-30, 2020",1332833,223878,24.8,3.8,5371670,"7,218,480"
"Dallas-Fort Worth-Arlington, TX Metro Area","9 - June 25-30, 2020",1105320,181821,30.5,4.1,3627888,"5,470,197"
"Detroit-Warren-Dearborn, MI Metro Area","9 - June 25-30, 2020",657115,142679,26.7,5.5,2465463,"3,856,313"
"Houston-The Woodlands-Sugar Land, TX Metro Area","9 - June 25-30, 2020",1862462,314558,45.7,4.8,4073461,"5,731,397"
"Los Angeles-Long Beach-Anaheim, CA Metro Area","9 - June 25-30, 2020",2455607,384006,30.7,4.4,8010792,"10,278,916"
"Miami-Fort Lauderdale-Pompano Beach, FL Metro Area","9 - June 25-30, 2020",1431745,300513,40.5,7.2,3532021,"4,892,933"
"New York-Newark-Jersey City, NY-NJ-PA Metro Area","9 - June 25-30, 2020",3446750,519533,35.7,4.4,9644639,"13,838,022"
"Philadelphia-Camden-Wilmington, PA-NJ-DE-MD Metro Area","9 - June 25-30, 2020",899947,147884,26.6,3.8,3388206,"5,373,340"
"Phoenix-Mesa-Chandler, AZ Metro Area","9 - June 25-30, 2020",840306,178226,28.2,5.2,2980720,"4,004,624"
"Riverside-San Bernardino-Ontario, CA Metro Area","9 - June 25-30, 2020",771873,140492,28.3,4.6,2724583,"3,998,786"
"San Francisco-Oakland-Berkeley, CA Metro Area","9 - June 25-30, 2020",631253,189767,21.1,5,2986004,"3,786,897"
"Seattle-Tacoma-Bellevue, WA Metro Area","9 - June 25-30, 2020",526085,138698,21.5,4.8,2441338,"3,179,111"
"Washington-Arlington-Alexandria, DC-VA-MD-WV Metro Area","9 - June 25-30, 2020",767273,115822,21.6,3.1,3558590,"4,633,575"
"Atlanta-Sandy Springs-Alpharetta, GA Metro Area","8 - June 18-23, 2020",711808,139545,21.6,4,3299077,"4,527,471"
"Boston-Cambridge-Newton, MA-NH Metro Area","8 - June 18-23, 2020",510266,93215,18.1,3.4,2812630,"3,866,129"
"Chicago-Naperville-Elgin, IL-IN-WI Metro Area","8 - June 18-23, 2020",1254682,288592,25.2,4.8,4984548,"7,233,165"
"Dallas-Fort Worth-Arlington, TX Metro Area","8 - June 18-23, 2020",1070021,240847,26.1,5.6,4093154,"5,885,504"
"Detroit-Warren-Dearborn, MI Metro Area","8 - June 18-23, 2020",519786,110963,21.3,4.4,2440588,"3,721,741"
"Houston-The Woodlands-Sugar Land, TX Metro Area","8 - June 18-23, 2020",1191205,230645,31,4.7,3840822,"5,776,875"
"Los Angeles-Long Beach-Anaheim, CA Metro Area","8 - June 18-23, 2020",3005495,466966,38.2,4.8,7867133,"10,265,915"
"Miami-Fort Lauderdale-Pompano Beach, FL Metro Area","8 - June 18-23, 2020",1208180,214086,41.3,5.5,2921897,"4,394,658"
"New York-Newark-Jersey City, NY-NJ-PA Metro Area","8 - June 18-23, 2020",3684352,394327,35,3.6,10515852,"14,574,230"
"Philadelphia-Camden-Wilmington, PA-NJ-DE-MD Metro Area","8 - June 18-23, 2020",923281,175960,26.4,4.6,3502250,"5,045,198"
"Phoenix-Mesa-Chandler, AZ Metro Area","8 - June 18-23, 2020",602053,119972,21.3,3.8,2832012,"3,833,985"
"Riverside-San Bernardino-Ontario, CA Metro Area","8 - June 18-23, 2020",703805,159804,24.5,5.2,2872509,"4,174,788"
"San Francisco-Oakland-Berkeley, CA Metro Area","8 - June 18-23, 2020",612561,173949,22.7,5.7,2700583,"3,507,547"
"Seattle-Tacoma-Bellevue, WA Metro Area","8 - June 18-23, 2020",370945,90744,17.3,3.7,2148671,"2,916,323"
"Washington-Arlington-Alexandria, DC-VA-MD-WV Metro Area","8 - June 18-23, 2020",655385,107164,18.5,2.6,3546510,"4,622,240"
"Atlanta-Sandy Springs-Alpharetta, GA Metro Area","7 - June 11-16, 2020",881305,216501,27.4,5.7,3220648,"4,479,892"
"Boston-Cambridge-Newton, MA-NH Metro Area","7 - June 11-16, 2020",455165,96516,17.7,3.7,2568667,"3,645,033"
"Chicago-Naperville-Elgin, IL-IN-WI Metro Area","7 - June 11-16, 2020",1359323,186059,28,3.3,4858609,"7,002,509"
"Dallas-Fort Worth-Arlington, TX Metro Area","7 - June 11-16, 2020",1248417,295560,28,5.5,4465724,"6,047,865"
"Detroit-Warren-Dearborn, MI Metro Area","7 - June 11-16, 2020",447603,139396,20.6,5.7,2176864,"3,466,514"
"Houston-The Woodlands-Sugar Land, TX Metro Area","7 - June 11-16, 2020",1227040,317499,32.1,6.2,3817191,"5,760,948"
"Los Angeles-Long Beach-Anaheim, CA Metro Area","7 - June 11-16, 2020",2379700,477198,28.7,5,8278754,"10,891,729"
"Miami-Fort Lauderdale-Pompano Beach, FL Metro Area","7 - June 11-16, 2020",1262123,245464,39.1,6,3224729,"4,732,724"
"New York-Newark-Jersey City, NY-NJ-PA Metro Area","7 - June 11-16, 2020",3030037,446751,29.7,4,10189357,"14,548,330"
"Philadelphia-Camden-Wilmington, PA-NJ-DE-MD Metro Area","7 - June 11-16, 2020",719882,128780,22.3,3.4,3231100,"5,004,652"
"Phoenix-Mesa-Chandler, AZ Metro Area","7 - June 11-16, 2020",660346,135575,23.3,4.3,2832500,"3,836,956"
"Riverside-San Bernardino-Ontario, CA Metro Area","7 - June 11-16, 2020",549327,187781,21.2,6,2587495,"3,922,098"
"San Francisco-Oakland-Berkeley, CA Metro Area","7 - June 11-16, 2020",327478,101953,12.4,3.4,2633366,"3,558,335"
"Seattle-Tacoma-Bellevue, WA Metro Area","7 - June 11-16, 2020",319151,104116,13.3,4.2,2398137,"3,237,492"
"Washington-Arlington-Alexandria, DC-VA-MD-WV Metro Area","7 - June 11-16, 2020",637555,175853,18.5,4.5,3451952,"4,706,409"
"Atlanta-Sandy Springs-Alpharetta, GA Metro Area","6 - June 4-9, 2020",891347,164852,25.5,4.4,3493557,"4,854,499"
"Boston-Cambridge-Newton, MA-NH Metro Area","6 - June 4-9, 2020",387618,97581,15,3.2,2587100,"3,575,141"
"Chicago-Naperville-Elgin, IL-IN-WI Metro Area","6 - June 4-9, 2020",1036842,190259,23.7,3.6,4380387,"6,931,752"
"Dallas-Fort Worth-Arlington, TX Metro Area","6 - June 4-9, 2020",956860,216320,22.4,4.5,4273929,"6,520,626"
"Detroit-Warren-Dearborn, MI Metro Area","6 - June 4-9, 2020",416348,100049,18.8,4.5,2217295,"3,540,040"
"Houston-The Woodlands-Sugar Land, TX Metro Area","6 - June 4-9, 2020",1464135,325156,40.8,6.3,3590893,"5,851,032"
"Los Angeles-Long Beach-Anaheim, CA Metro Area","6 - June 4-9, 2020",1952805,374793,27.1,4.9,7202616,"10,251,593"
"Miami-Fort Lauderdale-Pompano Beach, FL Metro Area","6 - June 4-9, 2020",1104676,205059,38,5.3,2909953,"4,625,494"
"New York-Newark-Jersey City, NY-NJ-PA Metro Area","6 - June 4-9, 2020",3073934,480401,33.2,4.3,9261267,"14,625,880"
"Philadelphia-Camden-Wilmington, PA-NJ-DE-MD Metro Area","6 - June 4-9, 2020",532617,101177,16.9,2.8,3153171,"4,861,090"
"Phoenix-Mesa-Chandler, AZ Metro Area","6 - June 4-9, 2020",557751,108088,20.8,3.8,2676771,"3,902,414"
"Riverside-San Bernardino-Ontario, CA Metro Area","6 - June 4-9, 2020",871122,198169,29.6,6,2942606,"4,417,315"
"San Francisco-Oakland-Berkeley, CA Metro Area","6 - June 4-9, 2020",362330,117171,15.6,4.6,2323943,"3,264,739"
"Seattle-Tacoma-Bellevue, WA Metro Area","6 - June 4-9, 2020",393824,115034,15,4,2617335,"3,317,524"
"Washington-Arlington-Alexandria, DC-VA-MD-WV Metro Area","6 - June 4-9, 2020",646421,151587,19.7,4.2,3276481,"4,689,114"
"Atlanta-Sandy Springs-Alpharetta, GA Metro Area","5 - May 28-June 2, 2020",710902,107424,24,3.4,2960590,"4,278,111"
"Boston-Cambridge-Newton, MA-NH Metro Area","5 - May 28-June 2, 2020",474420,103324,16.9,3.6,2799242,"3,890,353"
"Chicago-Naperville-Elgin, IL-IN-WI Metro Area","5 - May 28-June 2, 2020",1273318,225618,28.8,4.3,4426136,"6,970,152"
"Dallas-Fort Worth-Arlington, TX Metro Area","5 - May 28-June 2, 2020",893563,205814,22.4,4.5,3995135,"5,899,479"
"Detroit-Warren-Dearborn, MI Metro Area","5 - May 28-June 2, 2020",576728,133492,26.4,5.8,2183480,"3,532,103"
"Houston-The Woodlands-Sugar Land, TX Metro Area","5 - May 28-June 2, 2020",1209051,211324,33.8,5,3574105,"5,742,798"
"Los Angeles-Long Beach-Anaheim, CA Metro Area","5 - May 28-June 2, 2020",2159904,339565,28,3.5,7704008,"11,017,907"
"Miami-Fort Lauderdale-Pompano Beach, FL Metro Area","5 - May 28-June 2, 2020",1123977,208395,41.1,5.1,2737332,"4,590,306"
"New York-Newark-Jersey City, NY-NJ-PA Metro Area","5 - May 28-June 2, 2020",3023652,319797,31.3,3,9670434,"14,303,693"
"Philadelphia-Camden-Wilmington, PA-NJ-DE-MD Metro Area","5 - May 28-June 2, 2020",596464,138832,20.4,4.2,2919571,"4,793,430"
"Phoenix-Mesa-Chandler, AZ Metro Area","5 - May 28-June 2, 2020",556774,108700,20.5,3.7,2715117,"3,877,115"
"Riverside-San Bernardino-Ontario, CA Metro Area","5 - May 28-June 2, 2020",986161,297596,31.5,7.2,3132358,"4,160,231"
"San Francisco-Oakland-Berkeley, CA Metro Area","5 - May 28-June 2, 2020",410441,121681,16.7,4.2,2462766,"3,713,836"
"Seattle-Tacoma-Bellevue, WA Metro Area","5 - May 28-June 2, 2020",465342,141442,18.5,5.3,2514426,"3,284,848"
"Washington-Arlington-Alexandria, DC-VA-MD-WV Metro Area","5 - May 28-June 2, 2020",885751,122597,24.4,2.7,3636449,"4,998,796"
"Atlanta-Sandy Springs-Alpharetta, GA Metro Area","4 - May 21-26, 2020",775329,130579,25.8,4.2,3008625,"4,330,909"
"Boston-Cambridge-Newton, MA-NH Metro Area","4 - May 21-26, 2020",509636,100795,19.1,3.5,2669141,"3,846,938"
"Chicago-Naperville-Elgin, IL-IN-WI Metro Area","4 - May 21-26, 2020",1349537,169662,29.8,3.4,4532979,"7,112,877"
"Dallas-Fort Worth-Arlington, TX Metro Area","4 - May 21-26, 2020",1577522,356356,32.5,6.6,4856943,"6,705,280"
"Detroit-Warren-Dearborn, MI Metro Area","4 - May 21-26, 2020",497055,138937,22.9,6,2171881,"3,665,878"
"Houston-The Woodlands-Sugar Land, TX Metro Area","4 - May 21-26, 2020",1448351,231141,39,5,3709669,"5,778,997"
"Los Angeles-Long Beach-Anaheim, CA Metro Area","4 - May 21-26, 2020",2491920,395138,32.3,4.3,7722638,"10,512,305"
"Miami-Fort Lauderdale-Pompano Beach, FL Metro Area","4 - May 21-26, 2020",1343316,197607,43.8,5.6,3064194,"5,101,786"
"New York-Newark-Jersey City, NY-NJ-PA Metro Area","4 - May 21-26, 2020",3026534,337969,30,3.2,10091714,"14,760,726"
"Philadelphia-Camden-Wilmington, PA-NJ-DE-MD Metro Area","4 - May 21-26, 2020",891682,152944,27.9,4.3,3193464,"4,734,016"
"Phoenix-Mesa-Chandler, AZ Metro Area","4 - May 21-26, 2020",591575,111287,22.1,3.7,2671789,"3,764,585"
"Riverside-San Bernardino-Ontario, CA Metro Area","4 - May 21-26, 2020",801903,198282,30.3,6.1,2650829,"4,260,691"
"San Francisco-Oakland-Berkeley, CA Metro Area","4 - May 21-26, 2020",665966,223231,25.7,6.7,2593546,"3,895,884"
"Seattle-Tacoma-Bellevue, WA Metro Area","4 - May 21-26, 2020",349677,91803,14.6,3.6,2395737,"3,324,775"
"Washington-Arlington-Alexandria, DC-VA-MD-WV Metro Area","4 - May 21-26, 2020",650037,129552,19.2,3.6,3389712,"4,756,931"
"Atlanta-Sandy Springs-Alpharetta, GA Metro Area","3 - May 14-19, 2020",1143785,198504,32.5,4.8,3520321,"5,001,211"
"Boston-Cambridge-Newton, MA-NH Metro Area","3 - May 14-19, 2020",476408,89751,16.5,3.1,2878671,"3,847,292"
"Chicago-Naperville-Elgin, IL-IN-WI Metro Area","3 - May 14-19, 2020",1149875,193056,24.7,3.4,4655454,"6,952,766"
"Dallas-Fort Worth-Arlington, TX Metro Area","3 - May 14-19, 2020",1047567,228716,27.3,5.1,3841587,"6,207,790"
"Detroit-Warren-Dearborn, MI Metro Area","3 - May 14-19, 2020",671636,148076,24.9,5.1,2699134,"3,766,708"
"Houston-The Woodlands-Sugar Land, TX Metro Area","3 - May 14-19, 2020",961352,235999,28.6,6.1,3357256,"5,419,757"
"Los Angeles-Long Beach-Anaheim, CA Metro Area","3 - May 14-19, 2020",2627897,519385,31.1,5,8463374,"11,174,404"
"Miami-Fort Lauderdale-Pompano Beach, FL Metro Area","3 - May 14-19, 2020",1711744,275795,43.6,6.3,3925419,"5,664,425"
"New York-Newark-Jersey City, NY-NJ-PA Metro Area","3 - May 14-19, 2020",3429073,544219,37.3,4.6,9189034,"13,356,692"
"Philadelphia-Camden-Wilmington, PA-NJ-DE-MD Metro Area","3 - May 14-19, 2020",779793,135343,26.5,4,2937828,"4,617,768"
"Phoenix-Mesa-Chandler, AZ Metro Area","3 - May 14-19, 2020",514386,90001,19.5,3.3,2636622,"3,872,676"
"Riverside-San Bernardino-Ontario, CA Metro Area","3 - May 14-19, 2020",956728,246006,33.3,6.4,2874730,"4,112,691"
"San Francisco-Oakland-Berkeley, CA Metro Area","3 - May 14-19, 2020",645946,221756,24.6,6.3,2624643,"4,274,605"
"Seattle-Tacoma-Bellevue, WA Metro Area","3 - May 14-19, 2020",414498,101146,18.3,3.9,2258921,"3,098,302"
"Washington-Arlington-Alexandria, DC-VA-MD-WV Metro Area","3 - May 14-19, 2020",654046,125386,19,3.2,3450990,"4,743,165"
"Atlanta-Sandy Springs-Alpharetta, GA Metro Area","2 - May 7-12, 2020",883558,255003,23.7,6.2,3733496,"5,287,525"
"Boston-Cambridge-Newton, MA-NH Metro Area","2 - May 7-12, 2020",464791,135603,16.2,4.3,2873238,"3,768,287"
"Chicago-Naperville-Elgin, IL-IN-WI Metro Area","2 - May 7-12, 2020",1789019,367073,34.8,6.1,5134384,"6,641,251"
"Dallas-Fort Worth-Arlington, TX Metro Area","2 - May 7-12, 2020",1275708,341306,29.4,5.7,4339874,"6,256,957"
"Detroit-Warren-Dearborn, MI Metro Area","2 - May 7-12, 2020",575637,162992,21.8,5.8,2643811,"3,822,055"
"Houston-The Woodlands-Sugar Land, TX Metro Area","2 - May 7-12, 2020",1035789,247828,29.6,6.4,3500333,"5,166,765"
"Los Angeles-Long Beach-Anaheim, CA Metro Area","2 - May 7-12, 2020",2985279,870565,35.1,8.3,8508749,"11,090,032"
"Miami-Fort Lauderdale-Pompano Beach, FL Metro Area","2 - May 7-12, 2020",1274797,282282,39.8,6.8,3203645,"4,645,644"
"New York-Newark-Jersey City, NY-NJ-PA Metro Area","2 - May 7-12, 2020",3172103,603693,34.6,5.7,9173473,"13,311,398"
"Philadelphia-Camden-Wilmington, PA-NJ-DE-MD Metro Area","2 - May 7-12, 2020",835893,226954,27.6,5.9,3024557,"4,376,080"
"Phoenix-Mesa-Chandler, AZ Metro Area","2 - May 7-12, 2020",536838,144929,18.2,5.2,2944684,"3,820,468"
"Riverside-San Bernardino-Ontario, CA Metro Area","2 - May 7-12, 2020",1027687,329130,33.6,8.3,3056235,"4,423,647"
"San Francisco-Oakland-Berkeley, CA Metro Area","2 - May 7-12, 2020",790225,270960,24.5,7,3222683,"4,183,194"
"Seattle-Tacoma-Bellevue, WA Metro Area","2 - May 7-12, 2020",343079,116332,14.9,4.6,2307983,"3,105,929"
"Washington-Arlington-Alexandria, DC-VA-MD-WV Metro Area","2 - May 7-12, 2020",526790,114472,17.2,3.6,3066545,"4,235,643"
"Atlanta-Sandy Springs-Alpharetta, GA Metro Area","1 - April 23-May 5, 2020",970364,154672,25.5,3.6,3809937,"5,045,522"
"Boston-Cambridge-Newton, MA-NH Metro Area","1 - April 23-May 5, 2020",514853,105660,18.9,3.4,2721150,"3,825,300"
"Chicago-Naperville-Elgin, IL-IN-WI Metro Area","1 - April 23-May 5, 2020",1549065,261563,32.3,4.8,4791018,"6,711,809"
"Dallas-Fort Worth-Arlington, TX Metro Area","1 - April 23-May 5, 2020",1195417,338723,29.1,6.2,4102709,"6,042,623"
"Detroit-Warren-Dearborn, MI Metro Area","1 - April 23-May 5, 2020",531714,95952,23.3,3.7,2280077,"3,334,812"
"Houston-The Woodlands-Sugar Land, TX Metro Area","1 - April 23-May 5, 2020",1116452,186682,32.9,4.8,3393534,"5,352,295"
"Los Angeles-Long Beach-Anaheim, CA Metro Area","1 - April 23-May 5, 2020",2681221,606122,31.1,5.5,8619013,"11,065,175"
"Miami-Fort Lauderdale-Pompano Beach, FL Metro Area","1 - April 23-May 5, 2020",1279254,177172,40.3,4.5,3171465,"4,764,380"
"New York-Newark-Jersey City, NY-NJ-PA Metro Area","1 - April 23-May 5, 2020",3608585,432949,36.5,3.8,9881929,"13,659,207"
"Philadelphia-Camden-Wilmington, PA-NJ-DE-MD Metro Area","1 - April 23-May 5, 2020",746570,138781,24,4,3108034,"4,788,219"
"Phoenix-Mesa-Chandler, AZ Metro Area","1 - April 23-May 5, 2020",640158,139763,22.8,4.5,2809457,"3,864,078"
"Riverside-San Bernardino-Ontario, CA Metro Area","1 - April 23-May 5, 2020",1073936,280401,31.9,6.3,3371243,"4,577,129"
"San Francisco-Oakland-Berkeley, CA Metro Area","1 - April 23-May 5, 2020",426310,119796,16,4,2667173,"3,431,059"
"Seattle-Tacoma-Bellevue, WA Metro Area","1 - April 23-May 5, 2020",375927,70488,15.5,2.5,2420174,"3,195,155"
"Washington-Arlington-Alexandria, DC-VA-MD-WV Metro Area","1 - April 23-May 5, 2020",812621,95039,22.9,2.6,3553061,"4,762,361"
"Source: U.S. Census Bureau, Household Pulse Survey",,,,,,,